{"sidebar":{"search-2":{"title":""},"single_category_posts_widget-2":{"title":"Featured","cat":4,"qty":3,"comment_num":1,"date":1,"show_thumb1":1,"box_layout":"horizontal-small","show_excerpt":0,"excerpt_length":10},"tag_cloud-2":{"title":"","taxonomy":"post_tag"},"mts_ad_300_widget-2":{"title":"Sponsors","ad":"http:\/\/demo.mythemeshop.com\/magxp-news\/files\/2014\/04\/ShakeOut_BannerAds_DontFreak_300x250_v3.gif","link":"http:\/\/mythemeshop.com\/"}},"widget-header":{"mts_ad_728_widget-2":{"title":"","ad":"http:\/\/demo.mythemeshop.com\/best\/files\/2016\/02\/728x90.jpg","link":"http:\/\/mythemeshop.com\/themes\/best\/"}},"footer-top":{"mts_recent_posts_widget-2":{"title":"Popular Posts","qty":2,"comment_num":1,"date":1,"show_thumb2":1,"box_layout":"horizontal-small","show_excerpt":0,"excerpt_length":10}},"footer-top-2":{"text-2":{"title":"Text Widget","text":"Lorem ipsum dolor sit amet, consectetur adipiscing elit. Non enim quaero quid verum, sed Lorem ipsum dolor sit amet, consectetur adipiscing elit. Non enim quaero quid verum, sedLorem ipsum dolor sit amet, consectetur adipiscing elit. Non enim <a href=\"#\">quaero<\/a> quid verum, sed","filter":false}},"footer-top-3":{"social-profile-icons-2":{"title":"Connect with Us","facebook":"#","behance":"#","flickr":"#","gplus":"#","pinterest":"#","instagram":"#","dribbble":"#","linkedin":"#","soundcloud":"#","twitter":"#","vimeo":"#","stumbleupon":"#","tumblr":"#","github":"#","youtube":"#","foursquare":"#","reddit":"#","dropbox":"#","skype":"#","email":"#","rss":"#"}},"shop-sidebar":{"woocommerce_product_search-2":{"title":""},"woocommerce_widget_cart-2":{"title":"Cart","hide_if_empty":1},"woocommerce_price_filter-2":{"title":"Filter by price"},"woocommerce_recent_reviews-2":{"title":"Recent Reviews","number":5}}}