{"sidebar":{"mts_ad_300_widget-3":{"title":"","ad":"http:\/\/demo.mythemeshop.com\/best-viral\/files\/2016\/02\/300x250.jpg","link":"http:\/\/mythemeshop.com\/themes\/best\/"},"facebook-like-widget-2":{"title":"Find us on Facebook","page_url":"https:\/\/facebook.com\/mythemeshop\/","width":"292","show_faces":"on","show_stream":null,"show_header":"on"},"mts_popular_posts_widget-2":{"title":"Popular Posts","qty":4,"title_length":5,"comment_num":0,"date":0,"days":9999,"show_thumb3":1,"box_layout":"vertical-small","show_excerpt":0,"excerpt_length":10}},"widget-header":{"mts_ad_728_widget-2":{"title":"","ad":"http:\/\/demo.mythemeshop.com\/best-viral\/files\/2016\/02\/728x90.jpg","link":"http:\/\/mythemeshop.com\/themes\/best\/"}},"footer-top":{"text-2":{"title":"Text Widget","text":"Fusce vulputate eleifend sapien. Vivamus quis mi. Donec quam felis, ultricies nec, pellentesque eu, pretium quis, sem. Curabitur blandit mollis lacus. Sed mollis, eros et ultrices tempus, mauris ipsum aliquam libero, non adipiscing dolor urna a orci.","filter":false}},"footer-top-2":{"tag_cloud-2":{"title":"","taxonomy":"post_tag"}},"footer-top-3":{"social-profile-icons-2":{"title":"Connect With Us","facebook":"#","behance":"#","flickr":"","gplus":"#","pinterest":"#","instagram":"#","dribbble":"#","linkedin":"#","soundcloud":"#","twitter":"#","vimeo":"#","stumbleupon":"#","tumblr":"#","github":"#","youtube":"#","foursquare":"","reddit":"#","dropbox":"","skype":"#","email":"#","rss":"#"}}}