{"sidebar":{"mts_post_slider_widget-2":{"title":"Featured Posts","cat":["2"],"slides_num":3,"slider_nav":"bullets","show_title":1},"mts_recent_posts_widget-2":{"title":"Recent Posts","qty":5,"title_length":7,"comment_num":0,"date":1,"show_thumb2":1,"box_layout":"horizontal-small","show_excerpt":0,"excerpt_length":10},"mts_ad_300_widget-3":{"title":"","ad":"http:\/\/demo.mythemeshop.com\/best-adult\/wp-content\/themes\/mts_best\/images\/300x250.png","link":"http:\/\/mythemeshop.com\/"},"mts_popular_posts_widget-2":{"title":"Popular Posts","qty":5,"title_length":7,"comment_num":0,"date":1,"days":999999,"show_thumb3":1,"box_layout":"horizontal-small","show_excerpt":0,"excerpt_length":10}},"widget-header":{"search-2":{"title":""}}}