{"sidebar":{"search-2":{"title":""},"facebook-like-widget-2":{"title":"Find us on Facebook","page_url":"https:\/\/facebook.com\/mythemeshop","width":"300","show_faces":"on","show_stream":null,"show_header":"on"},"mts_popular_posts_widget-3":{"title":"Popular Posts","qty":2,"title_length":7,"comment_num":0,"date":0,"days":999999,"show_thumb3":1,"box_layout":"vertical-small","show_excerpt":0,"excerpt_length":10},"text-2":{"title":"Text Widget","text":"<p>Interdum et malesuada fames ac ante ipsum primis in faucibus. Donec eleifend dui mauris, non tristique erat ultrices eget. Maecenas eget eleifend lorem. Nunc malesuada orci efficitur ligula ullamcorper, et finibus nulla ornare.<\/p>\r\n<p>Duis ut commodo libero. Sed fringilla felis nec interdum tempor. Suspendisse magna justo, viverra vitae commodo ac, tempus nec elit. Integer condimentum porta sem, eleifend fringilla turpis vulputate et.<\/p>","filter":false}},"footer-top":{"mts_popular_posts_widget-2":{"title":"Popular Posts","qty":2,"title_length":7,"comment_num":1,"date":1,"days":9999,"show_thumb3":1,"box_layout":"horizontal-small","show_excerpt":0,"excerpt_length":10}},"footer-top-2":{"mts_recent_posts_widget-2":{"title":"Recent Posts","qty":2,"title_length":7,"comment_num":1,"date":1,"show_thumb2":1,"box_layout":"horizontal-small","show_excerpt":0,"excerpt_length":10}},"footer-top-3":{"search-3":{"title":""},"social-profile-icons-2":{"title":"","facebook":"#","behance":"#","flickr":"#","gplus":"#","pinterest":"#","instagram":"#","dribbble":"#","linkedin":"#","soundcloud":"#","twitter":"#","vimeo":"#","stumbleupon":"#","tumblr":"#","github":"#","youtube":"#","foursquare":"#","reddit":"#","dropbox":"#","skype":"#","email":"#","rss":"#"}}}