{"sidebar":{"social-profile-icons-3":{"title":"","facebook":"#","behance":"#","flickr":"#","gplus":"#","pinterest":"#","instagram":"#","dribbble":"#","linkedin":"#","soundcloud":"#","twitter":"#","vimeo":"#","stumbleupon":"#","tumblr":"","github":"#","youtube":"#","foursquare":"","reddit":"#","dropbox":"","skype":"#","email":"#","rss":"#"},"wpt_widget-2":{"tabs":{"popular":"1","recent":"1"},"tab_order":{"popular":"1","recent":"2","comments":"3","tags":"4"},"allow_pagination":"1","post_num":"6","title_length":"15","comment_num":"5","show_thumb":"1","thumb_size":"small","show_date":"1","show_excerpt":null,"excerpt_length":"15","show_comment_num":null,"show_avatar":"1"},"tag_cloud-3":{"title":"","taxonomy":"post_tag"}},"widget-header":{"search-2":{"title":""}},"footer-top":{"text-2":{"title":"Text Widget","text":"Morbi ac felis. Cras risus ipsum, faucibus ut, ullamcorper id, varius ac, leo. Maecenas egestas arcu quis ligula mattis placerat. Vestibulum fringilla pede sit amet augue. Vestibulum ante ipsum primis in faucibus orci luctus et ultrices posuere cubilia Curae; In ac dui quis mi consectetuer lacinia.","filter":false}},"footer-top-2":{"recent-posts-2":{"title":"","number":4,"show_date":false}},"footer-top-3":{"recent-comments-2":{"title":"Recent Comments","number":3}},"footer-top-4":{"meta-2":{"title":""}}}